{"cameraMode":{"drawMode":0,"name":"Shaded","section":"Shading Mode"},"sceneLighting":false,"audioPlay":false,"sceneViewState":{"m_AlwaysRefresh":false,"showFog":true,"showSkybox":false,"showFlares":true,"showImageEffects":true,"showParticleSystems":true,"showVisualEffectGraphs":true,"m_FxEnabled":true},"in2DMode":false,"pivot":{"x":0.4526815414428711,"y":2.0573365688323976,"z":-0.9250106811523438},"rotation":{"x":-0.10386426746845246,"y":0.7168518900871277,"z":-0.10787193477153778,"w":-0.6809775233268738},"size":3.5972366333007814,"orthographic":false}